,x,y,lower,upper
0,x4,0.1135661103131758,0.10985549361896461,0.11727672700738699
1,x3,0.07391775213378897,0.06996141345102849,0.07787409081654945
2,x5,0.04679890380202397,0.04478497104826017,0.04881283655578777
3,x1,0.015039043798391997,0.014274647520519056,0.015803440076264937
4,x2,0.011906459973915751,0.011337836891843277,0.012475083055988226
